"Package","Version","License","Source"
"@babel/code-frame","7.29.7","MIT","package-lock.json"
"@babel/compat-data","7.29.7","MIT","package-lock.json"
"@babel/core","7.29.7","MIT","package-lock.json"
"@babel/core/node_modules/semver","6.3.1","ISC","package-lock.json"
"@babel/generator","7.29.8","MIT","package-lock.json"
"@babel/helper-annotate-as-pure","7.29.7","MIT","package-lock.json"
"@babel/helper-compilation-targets","7.29.7","MIT","package-lock.json"
"@babel/helper-compilation-targets/node_modules/semver","6.3.1","ISC","package-lock.json"
"@babel/helper-create-class-features-plugin","7.29.7","MIT","package-lock.json"
"@babel/helper-create-class-features-plugin/node_modules/semver","6.3.1","ISC","package-lock.json"
"@babel/helper-create-regexp-features-plugin","7.29.7","MIT","package-lock.json"
"@babel/helper-create-regexp-features-plugin/node_modules/semver","6.3.1","ISC","package-lock.json"
"@babel/helper-define-polyfill-provider","0.6.8","MIT","package-lock.json"
"@babel/helper-globals","7.29.7","MIT","package-lock.json"
"@babel/helper-member-expression-to-functions","7.29.7","MIT","package-lock.json"
"@babel/helper-module-imports","7.29.7","MIT","package-lock.json"
"@babel/helper-module-transforms","7.29.7","MIT","package-lock.json"
"@babel/helper-optimise-call-expression","7.29.7","MIT","package-lock.json"
"@babel/helper-plugin-utils","7.29.7","MIT","package-lock.json"
"@babel/helper-remap-async-to-generator","7.29.7","MIT","package-lock.json"
"@babel/helper-replace-supers","7.29.7","MIT","package-lock.json"
"@babel/helper-skip-transparent-expression-wrappers","7.29.7","MIT","package-lock.json"
"@babel/helper-string-parser","7.29.7","MIT","package-lock.json"
"@babel/helper-validator-identifier","7.29.7","MIT","package-lock.json"
"@babel/helper-validator-option","7.29.7","MIT","package-lock.json"
"@babel/helper-wrap-function","7.29.7","MIT","package-lock.json"
"@babel/helpers","7.29.7","MIT","package-lock.json"
"@babel/parser","7.29.8","MIT","package-lock.json"
"@babel/plugin-proposal-decorators","7.29.7","MIT","package-lock.json"
"@babel/plugin-proposal-export-default-from","7.29.7","MIT","package-lock.json"
"@babel/plugin-syntax-decorators","7.29.7","MIT","package-lock.json"
"@babel/plugin-syntax-dynamic-import","7.8.3","MIT","package-lock.json"
"@babel/plugin-syntax-export-default-from","7.29.7","MIT","package-lock.json"
"@babel/plugin-syntax-flow","7.29.7","MIT","package-lock.json"
"@babel/plugin-syntax-jsx","7.29.7","MIT","package-lock.json"
"@babel/plugin-syntax-nullish-coalescing-operator","7.8.3","MIT","package-lock.json"
"@babel/plugin-syntax-optional-chaining","7.8.3","MIT","package-lock.json"
"@babel/plugin-syntax-typescript","7.29.7","MIT","package-lock.json"
"@babel/plugin-transform-async-generator-functions","7.29.7","MIT","package-lock.json"
"@babel/plugin-transform-async-to-generator","7.29.7","MIT","package-lock.json"
"@babel/plugin-transform-block-scoping","7.29.7","MIT","package-lock.json"
"@babel/plugin-transform-class-properties","7.29.7","MIT","package-lock.json"
"@babel/plugin-transform-class-static-block","7.29.7","MIT","package-lock.json"
"@babel/plugin-transform-classes","7.29.7","MIT","package-lock.json"
"@babel/plugin-transform-destructuring","7.29.7","MIT","package-lock.json"
"@babel/plugin-transform-export-namespace-from","7.29.7","MIT","package-lock.json"
"@babel/plugin-transform-flow-strip-types","7.29.7","MIT","package-lock.json"
"@babel/plugin-transform-for-of","7.29.7","MIT","package-lock.json"
"@babel/plugin-transform-logical-assignment-operators","7.29.7","MIT","package-lock.json"
"@babel/plugin-transform-modules-commonjs","7.29.7","MIT","package-lock.json"
"@babel/plugin-transform-named-capturing-groups-regex","7.29.7","MIT","package-lock.json"
"@babel/plugin-transform-nullish-coalescing-operator","7.29.7","MIT","package-lock.json"
"@babel/plugin-transform-object-rest-spread","7.29.7","MIT","package-lock.json"
"@babel/plugin-transform-optional-catch-binding","7.29.7","MIT","package-lock.json"
"@babel/plugin-transform-optional-chaining","7.29.7","MIT","package-lock.json"
"@babel/plugin-transform-parameters","7.29.7","MIT","package-lock.json"
"@babel/plugin-transform-private-methods","7.29.7","MIT","package-lock.json"
"@babel/plugin-transform-private-property-in-object","7.29.7","MIT","package-lock.json"
"@babel/plugin-transform-react-display-name","7.29.7","MIT","package-lock.json"
"@babel/plugin-transform-react-jsx","7.29.7","MIT","package-lock.json"
"@babel/plugin-transform-react-jsx-development","7.29.7","MIT","package-lock.json"
"@babel/plugin-transform-react-pure-annotations","7.29.7","MIT","package-lock.json"
"@babel/plugin-transform-runtime","7.29.7","MIT","package-lock.json"
"@babel/plugin-transform-runtime/node_modules/semver","6.3.1","ISC","package-lock.json"
"@babel/plugin-transform-typescript","7.29.7","MIT","package-lock.json"
"@babel/plugin-transform-unicode-regex","7.29.7","MIT","package-lock.json"
"@babel/preset-typescript","7.29.7","MIT","package-lock.json"
"@babel/runtime","7.29.7","MIT","package-lock.json"
"@babel/template","7.29.7","MIT","package-lock.json"
"@babel/traverse","7.29.8","MIT","package-lock.json"
"@babel/types","7.29.8","MIT","package-lock.json"
"@emnapi/core","1.10.0","MIT","package-lock.json"
"@emnapi/runtime","1.10.0","MIT","package-lock.json"
"@emnapi/wasi-threads","1.2.1","MIT","package-lock.json"
"@eslint-community/eslint-utils","4.10.1","MIT","package-lock.json"
"@eslint-community/eslint-utils/node_modules/eslint-visitor-keys","3.4.3","Apache-2.0","package-lock.json"
"@eslint-community/regexpp","4.12.2","MIT","package-lock.json"
"@eslint/config-array","0.21.2","Apache-2.0","package-lock.json"
"@eslint/config-array/node_modules/balanced-match","1.0.2","MIT","package-lock.json"
"@eslint/config-array/node_modules/brace-expansion","1.1.21","MIT","package-lock.json"
"@eslint/config-array/node_modules/minimatch","3.1.5","ISC","package-lock.json"
"@eslint/config-helpers","0.4.2","Apache-2.0","package-lock.json"
"@eslint/core","0.17.0","Apache-2.0","package-lock.json"
"@eslint/eslintrc","3.3.7","MIT","package-lock.json"
"@eslint/eslintrc/node_modules/balanced-match","1.0.2","MIT","package-lock.json"
"@eslint/eslintrc/node_modules/brace-expansion","1.1.21","MIT","package-lock.json"
"@eslint/eslintrc/node_modules/globals","14.0.0","MIT","package-lock.json"
"@eslint/eslintrc/node_modules/minimatch","3.1.5","ISC","package-lock.json"
"@eslint/js","9.39.5","MIT","package-lock.json"
"@eslint/object-schema","2.1.7","Apache-2.0","package-lock.json"
"@eslint/plugin-kit","0.4.1","Apache-2.0","package-lock.json"
"@expo/code-signing-certificates","0.0.6","MIT","package-lock.json"
"@expo/config","57.0.9","MIT","package-lock.json"
"@expo/config-plugins","57.0.9","MIT","package-lock.json"
"@expo/config-types","57.0.2","MIT","package-lock.json"
"@expo/devcert","1.2.1","MIT","package-lock.json"
"@expo/devcert/node_modules/debug","3.2.7","MIT","package-lock.json"
"@expo/devtools","57.0.1","MIT","package-lock.json"
"@expo/env","2.4.3","MIT","package-lock.json"
"@expo/expo-modules-macros-plugin","0.6.1","MIT","package-lock.json"
"@expo/fingerprint","0.20.13","MIT","package-lock.json"
"@expo/image-utils","0.11.5","MIT","package-lock.json"
"@expo/inline-modules","0.1.7","MIT","package-lock.json"
"@expo/json-file","11.0.1","MIT","package-lock.json"
"@expo/local-build-cache-provider","57.0.8","MIT","package-lock.json"
"@expo/metro","56.0.2","MIT","package-lock.json"
"@expo/metro-file-map","57.0.3","MIT","package-lock.json"
"@expo/osascript","2.7.1","MIT","package-lock.json"
"@expo/package-manager","1.13.1","MIT","package-lock.json"
"@expo/plist","0.8.1","MIT","package-lock.json"
"@expo/prebuild-config","57.0.16","MIT","package-lock.json"
"@expo/require-utils","57.0.5","MIT","package-lock.json"
"@expo/schema-utils","57.0.2","MIT","package-lock.json"
"@expo/sdk-runtime-versions","1.0.0","MIT","package-lock.json"
"@expo/spawn-async","1.8.0","MIT","package-lock.json"
"@expo/sudo-prompt","9.3.2","MIT","package-lock.json"
"@expo/xcpretty","4.4.5","BSD-3-Clause","package-lock.json"
"@humanfs/core","0.19.2","Apache-2.0","package-lock.json"
"@humanfs/node","0.16.8","Apache-2.0","package-lock.json"
"@humanfs/types","0.15.0","Apache-2.0","package-lock.json"
"@humanwhocodes/module-importer","1.0.1","Apache-2.0","package-lock.json"
"@humanwhocodes/retry","0.4.3","Apache-2.0","package-lock.json"
"@isaacs/ttlcache","1.4.1","ISC","package-lock.json"
"@jest/schemas","29.6.3","MIT","package-lock.json"
"@jest/types","29.6.3","MIT","package-lock.json"
"@jridgewell/gen-mapping","0.3.13","MIT","package-lock.json"
"@jridgewell/remapping","2.3.5","MIT","package-lock.json"
"@jridgewell/resolve-uri","3.1.2","MIT","package-lock.json"
"@jridgewell/source-map","0.3.11","MIT","package-lock.json"
"@jridgewell/sourcemap-codec","1.6.0","MIT","package-lock.json"
"@jridgewell/trace-mapping","0.3.31","MIT","package-lock.json"
"@napi-rs/wasm-runtime","1.2.4","MIT","package-lock.json"
"@nolyfill/is-core-module","1.0.39","MIT","package-lock.json"
"@react-native/assets-registry","0.86.3","MIT","package-lock.json"
"@react-native/babel-plugin-codegen","0.86.3","MIT","package-lock.json"
"@react-native/codegen","0.86.3","MIT","package-lock.json"
"@react-native/codegen/node_modules/hermes-estree","0.36.0","MIT","package-lock.json"
"@react-native/codegen/node_modules/hermes-parser","0.36.0","MIT","package-lock.json"
"@react-native/community-cli-plugin","0.86.3","MIT","package-lock.json"
"@react-native/debugger-frontend","0.86.3","BSD-3-Clause","package-lock.json"
"@react-native/debugger-shell","0.86.3","MIT","package-lock.json"
"@react-native/dev-middleware","0.86.3","MIT","package-lock.json"
"@react-native/gradle-plugin","0.86.3","MIT","package-lock.json"
"@react-native/js-polyfills","0.86.3","MIT","package-lock.json"
"@react-native/normalize-colors","0.86.3","MIT","package-lock.json"
"@react-native/virtualized-lists","0.86.3","MIT","package-lock.json"
"@rtsao/scc","1.1.0","MIT","package-lock.json"
"@sinclair/typebox","0.27.12","MIT","package-lock.json"
"@tybys/wasm-util","0.10.4","MIT","package-lock.json"
"@types/estree","1.0.9","MIT","package-lock.json"
"@types/istanbul-lib-coverage","2.0.6","MIT","package-lock.json"
"@types/istanbul-lib-report","3.0.3","MIT","package-lock.json"
"@types/istanbul-reports","3.0.4","MIT","package-lock.json"
"@types/json-schema","7.0.15","MIT","package-lock.json"
"@types/json5","0.0.29","MIT","package-lock.json"
"@types/node","22.20.3","MIT","package-lock.json"
"@types/react","19.2.18","MIT","package-lock.json"
"@types/yargs","17.0.35","MIT","package-lock.json"
"@types/yargs-parser","21.0.3","MIT","package-lock.json"
"@typescript-eslint/eslint-plugin","8.70.0","MIT","package-lock.json"
"@typescript-eslint/eslint-plugin/node_modules/ignore","7.0.9","MIT","package-lock.json"
"@typescript-eslint/parser","8.70.0","MIT","package-lock.json"
"@typescript-eslint/project-service","8.70.0","MIT","package-lock.json"
"@typescript-eslint/scope-manager","8.70.0","MIT","package-lock.json"
"@typescript-eslint/tsconfig-utils","8.70.0","MIT","package-lock.json"
"@typescript-eslint/type-utils","8.70.0","MIT","package-lock.json"
"@typescript-eslint/types","8.70.0","MIT","package-lock.json"
"@typescript-eslint/typescript-estree","8.70.0","MIT","package-lock.json"
"@typescript-eslint/utils","8.70.0","MIT","package-lock.json"
"@typescript-eslint/visitor-keys","8.70.0","MIT","package-lock.json"
"@ungap/structured-clone","1.4.0","ISC","package-lock.json"
"@unrs/resolver-binding-android-arm-eabi","1.12.2","MIT","package-lock.json"
"@unrs/resolver-binding-android-arm64","1.12.2","MIT","package-lock.json"
"@unrs/resolver-binding-darwin-arm64","1.12.2","MIT","package-lock.json"
"@unrs/resolver-binding-darwin-x64","1.12.2","MIT","package-lock.json"
"@unrs/resolver-binding-freebsd-x64","1.12.2","MIT","package-lock.json"
"@unrs/resolver-binding-linux-arm-gnueabihf","1.12.2","MIT","package-lock.json"
"@unrs/resolver-binding-linux-arm-musleabihf","1.12.2","MIT","package-lock.json"
"@unrs/resolver-binding-linux-arm64-gnu","1.12.2","MIT","package-lock.json"
"@unrs/resolver-binding-linux-arm64-musl","1.12.2","MIT","package-lock.json"
"@unrs/resolver-binding-linux-loong64-gnu","1.12.2","MIT","package-lock.json"
"@unrs/resolver-binding-linux-loong64-musl","1.12.2","MIT","package-lock.json"
"@unrs/resolver-binding-linux-ppc64-gnu","1.12.2","MIT","package-lock.json"
"@unrs/resolver-binding-linux-riscv64-gnu","1.12.2","MIT","package-lock.json"
"@unrs/resolver-binding-linux-riscv64-musl","1.12.2","MIT","package-lock.json"
"@unrs/resolver-binding-linux-s390x-gnu","1.12.2","MIT","package-lock.json"
"@unrs/resolver-binding-linux-x64-gnu","1.12.2","MIT","package-lock.json"
"@unrs/resolver-binding-linux-x64-musl","1.12.2","MIT","package-lock.json"
"@unrs/resolver-binding-openharmony-arm64","1.12.2","MIT","package-lock.json"
"@unrs/resolver-binding-wasm32-wasi","1.12.2","MIT","package-lock.json"
"@unrs/resolver-binding-win32-arm64-msvc","1.12.2","MIT","package-lock.json"
"@unrs/resolver-binding-win32-ia32-msvc","1.12.2","MIT","package-lock.json"
"@unrs/resolver-binding-win32-x64-msvc","1.12.2","MIT","package-lock.json"
"@xmldom/xmldom","0.8.15","MIT","package-lock.json"
"abort-controller","3.0.0","MIT","package-lock.json"
"accepts","2.0.0","MIT","package-lock.json"
"acorn","8.18.0","MIT","package-lock.json"
"acorn-jsx","5.3.2","MIT","package-lock.json"
"agent-base","7.1.4","MIT","package-lock.json"
"agent-cli-detector","0.1.7","MIT","package-lock.json"
"ajv","6.15.0","MIT","package-lock.json"
"anser","1.4.10","MIT","package-lock.json"
"ansi-escapes","4.3.2","MIT","package-lock.json"
"ansi-escapes/node_modules/type-fest","0.21.3","(MIT OR CC0-1.0)","package-lock.json"
"ansi-regex","5.0.1","MIT","package-lock.json"
"ansi-styles","4.3.0","MIT","package-lock.json"
"arg","5.0.2","MIT","package-lock.json"
"argparse","2.0.1","Python-2.0","package-lock.json"
"array-buffer-byte-length","1.0.2","MIT","package-lock.json"
"array-includes","3.2.0","MIT","package-lock.json"
"array.prototype.findlast","1.2.5","MIT","package-lock.json"
"array.prototype.findlastindex","1.2.6","MIT","package-lock.json"
"array.prototype.flat","1.3.3","MIT","package-lock.json"
"array.prototype.flatmap","1.3.3","MIT","package-lock.json"
"array.prototype.tosorted","1.1.4","MIT","package-lock.json"
"arraybuffer.prototype.slice","1.0.4","MIT","package-lock.json"
"asap","2.0.6","MIT","package-lock.json"
"async-function","1.0.0","MIT","package-lock.json"
"available-typed-arrays","1.0.7","MIT","package-lock.json"
"await-lock","2.2.2","MIT","package-lock.json"
"babel-plugin-polyfill-corejs2","0.4.17","MIT","package-lock.json"
"babel-plugin-polyfill-corejs2/node_modules/semver","6.3.1","ISC","package-lock.json"
"babel-plugin-polyfill-corejs3","0.13.0","MIT","package-lock.json"
"babel-plugin-polyfill-regenerator","0.6.8","MIT","package-lock.json"
"babel-plugin-react-compiler","1.0.0","MIT","package-lock.json"
"babel-plugin-react-native-web","0.21.2","MIT","package-lock.json"
"babel-plugin-syntax-hermes-parser","0.36.0","MIT","package-lock.json"
"babel-plugin-syntax-hermes-parser/node_modules/hermes-estree","0.36.0","MIT","package-lock.json"
"babel-plugin-syntax-hermes-parser/node_modules/hermes-parser","0.36.0","MIT","package-lock.json"
"babel-plugin-transform-flow-enums","0.0.2","MIT","package-lock.json"
"babel-preset-expo","57.0.12","MIT","package-lock.json"
"balanced-match","4.0.4","MIT","package-lock.json"
"base64-js","1.5.1","MIT","package-lock.json"
"baseline-browser-mapping","2.11.24","Apache-2.0","package-lock.json"
"big-integer","1.6.52","Unlicense","package-lock.json"
"bplist-creator","0.1.0","MIT","package-lock.json"
"bplist-parser","0.3.1","MIT","package-lock.json"
"brace-expansion","5.0.12","MIT","package-lock.json"
"braces","3.0.3","MIT","package-lock.json"
"browserslist","4.29.0","MIT","package-lock.json"
"bser","2.1.1","Apache-2.0","package-lock.json"
"buffer-from","1.1.2","MIT","package-lock.json"
"bytes","3.1.2","MIT","package-lock.json"
"call-bind","1.0.9","MIT","package-lock.json"
"call-bind-apply-helpers","1.0.2","MIT","package-lock.json"
"call-bound","1.0.4","MIT","package-lock.json"
"callsites","3.1.0","MIT","package-lock.json"
"camelcase","6.3.0","MIT","package-lock.json"
"caniuse-lite","1.0.30001810","CC-BY-4.0","package-lock.json"
"chalk","4.1.2","MIT","package-lock.json"
"chrome-launcher","0.15.2","Apache-2.0","package-lock.json"
"chromium-edge-launcher","0.3.0","Apache-2.0","package-lock.json"
"ci-info","2.0.0","MIT","package-lock.json"
"cli-cursor","2.1.0","MIT","package-lock.json"
"cli-spinners","2.9.2","MIT","package-lock.json"
"cliui","8.0.1","ISC","package-lock.json"
"clone","1.0.4","MIT","package-lock.json"
"color-convert","2.0.1","MIT","package-lock.json"
"color-name","1.1.4","MIT","package-lock.json"
"commander","7.2.0","MIT","package-lock.json"
"compressible","2.0.18","MIT","package-lock.json"
"compression","1.8.2","MIT","package-lock.json"
"compression/node_modules/debug","2.6.9","MIT","package-lock.json"
"compression/node_modules/ms","2.0.0","MIT","package-lock.json"
"compression/node_modules/negotiator","0.6.4","MIT","package-lock.json"
"concat-map","0.0.1","MIT","package-lock.json"
"connect","3.7.0","MIT","package-lock.json"
"connect/node_modules/debug","2.6.9","MIT","package-lock.json"
"connect/node_modules/ms","2.0.0","MIT","package-lock.json"
"content-type","2.1.0","MIT","package-lock.json"
"convert-source-map","2.0.0","MIT","package-lock.json"
"core-js-compat","3.50.0","MIT","package-lock.json"
"cross-spawn","7.0.6","MIT","package-lock.json"
"csstype","3.2.3","MIT","package-lock.json"
"data-view-buffer","1.0.2","MIT","package-lock.json"
"data-view-byte-length","1.0.2","MIT","package-lock.json"
"data-view-byte-offset","1.0.1","MIT","package-lock.json"
"debug","4.4.3","MIT","package-lock.json"
"deep-is","0.1.4","MIT","package-lock.json"
"deepmerge","4.3.1","MIT","package-lock.json"
"defaults","1.0.4","MIT","package-lock.json"
"define-data-property","1.1.4","MIT","package-lock.json"
"define-properties","1.2.1","MIT","package-lock.json"
"depd","2.0.0","MIT","package-lock.json"
"destroy","1.2.0","MIT","package-lock.json"
"detect-libc","2.1.2","Apache-2.0","package-lock.json"
"dnssd-advertise","1.1.6","MIT","package-lock.json"
"doctrine","2.1.0","Apache-2.0","package-lock.json"
"dunder-proto","1.0.1","MIT","package-lock.json"
"ee-first","1.1.1","MIT","package-lock.json"
"electron-to-chromium","1.5.430","ISC","package-lock.json"
"emoji-regex","8.0.0","MIT","package-lock.json"
"encodeurl","1.0.2","MIT","package-lock.json"
"error-stack-parser","2.1.4","MIT","package-lock.json"
"es-abstract","1.24.2","MIT","package-lock.json"
"es-abstract-get","1.0.0","MIT","package-lock.json"
"es-define-property","1.0.1","MIT","package-lock.json"
"es-errors","1.3.0","MIT","package-lock.json"
"es-iterator-helpers","1.4.0","MIT","package-lock.json"
"es-object-atoms","1.1.2","MIT","package-lock.json"
"es-set-tostringtag","2.1.0","MIT","package-lock.json"
"es-shim-unscopables","1.1.0","MIT","package-lock.json"
"es-to-primitive","1.3.4","MIT","package-lock.json"
"escalade","3.2.0","MIT","package-lock.json"
"escape-html","1.0.3","MIT","package-lock.json"
"escape-string-regexp","4.0.0","MIT","package-lock.json"
"eslint","9.39.5","MIT","package-lock.json"
"eslint-config-expo","57.0.2","MIT","package-lock.json"
"eslint-import-resolver-node","0.3.10","MIT","package-lock.json"
"eslint-import-resolver-node/node_modules/debug","3.2.7","MIT","package-lock.json"
"eslint-import-resolver-node/node_modules/resolve","2.0.0-next.7","MIT","package-lock.json"
"eslint-import-resolver-typescript","3.10.1","ISC","package-lock.json"
"eslint-module-utils","2.14.0","MIT","package-lock.json"
"eslint-module-utils/node_modules/debug","3.2.7","MIT","package-lock.json"
"eslint-plugin-expo","1.1.0","MIT","package-lock.json"
"eslint-plugin-import","2.32.0","MIT","package-lock.json"
"eslint-plugin-import/node_modules/balanced-match","1.0.2","MIT","package-lock.json"
"eslint-plugin-import/node_modules/brace-expansion","1.1.21","MIT","package-lock.json"
"eslint-plugin-import/node_modules/debug","3.2.7","MIT","package-lock.json"
"eslint-plugin-import/node_modules/minimatch","3.1.5","ISC","package-lock.json"
"eslint-plugin-import/node_modules/semver","6.3.1","ISC","package-lock.json"
"eslint-plugin-react","7.37.5","MIT","package-lock.json"
"eslint-plugin-react-hooks","7.1.1","MIT","package-lock.json"
"eslint-plugin-react-hooks/node_modules/hermes-estree","0.25.1","MIT","package-lock.json"
"eslint-plugin-react-hooks/node_modules/hermes-parser","0.25.1","MIT","package-lock.json"
"eslint-plugin-react/node_modules/balanced-match","1.0.2","MIT","package-lock.json"
"eslint-plugin-react/node_modules/brace-expansion","1.1.21","MIT","package-lock.json"
"eslint-plugin-react/node_modules/minimatch","3.1.5","ISC","package-lock.json"
"eslint-plugin-react/node_modules/resolve","2.0.0-next.7","MIT","package-lock.json"
"eslint-plugin-react/node_modules/semver","6.3.1","ISC","package-lock.json"
"eslint-scope","8.4.0","BSD-2-Clause","package-lock.json"
"eslint-visitor-keys","5.0.1","Apache-2.0","package-lock.json"
"eslint/node_modules/balanced-match","1.0.2","MIT","package-lock.json"
"eslint/node_modules/brace-expansion","1.1.21","MIT","package-lock.json"
"eslint/node_modules/eslint-visitor-keys","4.2.1","Apache-2.0","package-lock.json"
"eslint/node_modules/minimatch","3.1.5","ISC","package-lock.json"
"espree","10.4.0","BSD-2-Clause","package-lock.json"
"espree/node_modules/eslint-visitor-keys","4.2.1","Apache-2.0","package-lock.json"
"esquery","1.7.0","BSD-3-Clause","package-lock.json"
"esrecurse","4.3.0","BSD-2-Clause","package-lock.json"
"estraverse","5.3.0","BSD-2-Clause","package-lock.json"
"esutils","2.0.3","BSD-2-Clause","package-lock.json"
"etag","1.8.1","MIT","package-lock.json"
"event-target-shim","5.0.1","MIT","package-lock.json"
"expo","57.0.23","MIT","package-lock.json"
"expo-build-properties","57.0.20","MIT","package-lock.json"
"expo-modules-autolinking","57.0.13","MIT","package-lock.json"
"expo-modules-core","57.0.18","MIT","package-lock.json"
"expo-modules-jsi","57.1.0","MIT","package-lock.json"
"expo-server","57.0.3","MIT","package-lock.json"
"expo-sqlite","57.0.3","MIT","package-lock.json"
"expo-status-bar","57.0.1","MIT","package-lock.json"
"expo/node_modules/@expo/cli","57.0.25","MIT","package-lock.json"
"expo/node_modules/@expo/cli/node_modules/@expo/router-server","57.0.10","MIT","package-lock.json"
"expo/node_modules/@expo/dom-webview","57.0.1","MIT","package-lock.json"
"expo/node_modules/@expo/log-box","57.0.4","MIT","package-lock.json"
"expo/node_modules/@expo/metro-config","57.0.12","MIT","package-lock.json"
"expo/node_modules/@expo/ws-tunnel","2.0.0","MIT","package-lock.json"
"expo/node_modules/accepts","1.3.8","MIT","package-lock.json"
"expo/node_modules/ci-info","3.9.0","MIT","package-lock.json"
"expo/node_modules/expo-asset","57.0.17","MIT","package-lock.json"
"expo/node_modules/expo-constants","57.0.18","MIT","package-lock.json"
"expo/node_modules/expo-file-system","57.0.7","MIT","package-lock.json"
"expo/node_modules/expo-font","57.0.4","MIT","package-lock.json"
"expo/node_modules/expo-keep-awake","57.0.2","MIT","package-lock.json"
"expo/node_modules/hermes-estree","0.36.1","MIT","package-lock.json"
"expo/node_modules/hermes-parser","0.36.1","MIT","package-lock.json"
"expo/node_modules/mime-db","1.52.0","MIT","package-lock.json"
"expo/node_modules/mime-types","2.1.35","MIT","package-lock.json"
"expo/node_modules/negotiator","0.6.3","MIT","package-lock.json"
"expo/node_modules/picomatch","4.0.7","MIT","package-lock.json"
"expo/node_modules/ws","8.21.3","MIT","package-lock.json"
"exponential-backoff","3.1.3","Apache-2.0","package-lock.json"
"fast-deep-equal","3.1.3","MIT","package-lock.json"
"fast-json-stable-stringify","2.1.0","MIT","package-lock.json"
"fast-levenshtein","2.0.6","MIT","package-lock.json"
"fb-dotslash","0.5.8","(MIT OR Apache-2.0)","package-lock.json"
"fb-watchman","2.0.2","Apache-2.0","package-lock.json"
"fetch-nodeshim","0.4.10","MIT","package-lock.json"
"file-entry-cache","8.0.0","MIT","package-lock.json"
"fill-range","7.1.1","MIT","package-lock.json"
"finalhandler","1.1.2","MIT","package-lock.json"
"finalhandler/node_modules/debug","2.6.9","MIT","package-lock.json"
"finalhandler/node_modules/ms","2.0.0","MIT","package-lock.json"
"find-up","5.0.0","MIT","package-lock.json"
"flat-cache","4.0.1","MIT","package-lock.json"
"flatted","3.4.4","ISC","package-lock.json"
"flow-enums-runtime","0.0.6","MIT","package-lock.json"
"fontfaceobserver","2.3.0","BSD-2-Clause","package-lock.json"
"for-each","0.3.5","MIT","package-lock.json"
"fresh","0.5.2","MIT","package-lock.json"
"function-bind","1.1.2","MIT","package-lock.json"
"function.prototype.name","1.2.0","MIT","package-lock.json"
"functions-have-names","1.2.3","MIT","package-lock.json"
"generator-function","2.0.1","MIT","package-lock.json"
"gensync","1.0.0-beta.2","MIT","package-lock.json"
"get-caller-file","2.0.5","ISC","package-lock.json"
"get-intrinsic","1.3.0","MIT","package-lock.json"
"get-proto","1.0.1","MIT","package-lock.json"
"get-symbol-description","1.1.0","MIT","package-lock.json"
"get-tsconfig","4.14.3","MIT","package-lock.json"
"getenv","2.0.0","MIT","package-lock.json"
"glob","13.0.6","BlueOak-1.0.0","package-lock.json"
"glob-parent","6.0.2","ISC","package-lock.json"
"globals","16.5.0","MIT","package-lock.json"
"globalthis","1.0.4","MIT","package-lock.json"
"gopd","1.2.0","MIT","package-lock.json"
"graceful-fs","4.2.11","ISC","package-lock.json"
"has-bigints","1.1.0","MIT","package-lock.json"
"has-flag","4.0.0","MIT","package-lock.json"
"has-property-descriptors","1.0.2","MIT","package-lock.json"
"has-proto","1.2.0","MIT","package-lock.json"
"has-symbols","1.1.0","MIT","package-lock.json"
"has-tostringtag","1.0.2","MIT","package-lock.json"
"hasown","2.0.4","MIT","package-lock.json"
"hermes-compiler","250829098.0.17","MIT","package-lock.json"
"hermes-estree","0.35.0","MIT","package-lock.json"
"hermes-parser","0.35.0","MIT","package-lock.json"
"hosted-git-info","7.0.2","ISC","package-lock.json"
"hosted-git-info/node_modules/lru-cache","10.4.3","ISC","package-lock.json"
"http-errors","2.0.1","MIT","package-lock.json"
"http-errors/node_modules/statuses","2.0.2","MIT","package-lock.json"
"https-proxy-agent","7.0.6","MIT","package-lock.json"
"ignore","5.3.2","MIT","package-lock.json"
"import-fresh","3.3.1","MIT","package-lock.json"
"import-fresh/node_modules/resolve-from","4.0.0","MIT","package-lock.json"
"imurmurhash","0.1.4","MIT","package-lock.json"
"inherits","2.0.4","ISC","package-lock.json"
"internal-slot","1.1.0","MIT","package-lock.json"
"invariant","2.2.4","MIT","package-lock.json"
"is-array-buffer","3.0.5","MIT","package-lock.json"
"is-async-function","2.1.1","MIT","package-lock.json"
"is-bigint","1.1.0","MIT","package-lock.json"
"is-boolean-object","1.2.2","MIT","package-lock.json"
"is-bun-module","2.0.0","MIT","package-lock.json"
"is-callable","1.2.7","MIT","package-lock.json"
"is-core-module","2.16.2","MIT","package-lock.json"
"is-data-view","1.0.2","MIT","package-lock.json"
"is-date-object","1.1.0","MIT","package-lock.json"
"is-docker","2.2.1","MIT","package-lock.json"
"is-document.all","1.0.0","MIT","package-lock.json"
"is-extglob","2.1.1","MIT","package-lock.json"
"is-finalizationregistry","1.1.1","MIT","package-lock.json"
"is-fullwidth-code-point","3.0.0","MIT","package-lock.json"
"is-generator-function","1.1.2","MIT","package-lock.json"
"is-glob","4.0.3","MIT","package-lock.json"
"is-map","2.0.3","MIT","package-lock.json"
"is-negative-zero","2.0.3","MIT","package-lock.json"
"is-number","7.0.0","MIT","package-lock.json"
"is-number-object","1.1.1","MIT","package-lock.json"
"is-regex","1.2.1","MIT","package-lock.json"
"is-set","2.0.3","MIT","package-lock.json"
"is-shared-array-buffer","1.0.4","MIT","package-lock.json"
"is-string","1.1.1","MIT","package-lock.json"
"is-symbol","1.1.1","MIT","package-lock.json"
"is-typed-array","1.1.15","MIT","package-lock.json"
"is-weakmap","2.0.2","MIT","package-lock.json"
"is-weakref","1.1.1","MIT","package-lock.json"
"is-weakset","2.0.4","MIT","package-lock.json"
"is-wsl","2.2.0","MIT","package-lock.json"
"isarray","2.0.5","MIT","package-lock.json"
"isexe","2.0.0","ISC","package-lock.json"
"iterator.prototype","1.1.5","MIT","package-lock.json"
"jest-get-type","29.6.3","MIT","package-lock.json"
"jest-util","29.7.0","MIT","package-lock.json"
"jest-util/node_modules/ci-info","3.9.0","MIT","package-lock.json"
"jest-validate","29.7.0","MIT","package-lock.json"
"jest-worker","29.7.0","MIT","package-lock.json"
"jest-worker/node_modules/supports-color","8.1.1","MIT","package-lock.json"
"jimp-compact","0.16.1","MIT","package-lock.json"
"js-tokens","4.0.0","MIT","package-lock.json"
"js-yaml","4.3.2","MIT","package-lock.json"
"jsc-safe-url","0.2.4","0BSD","package-lock.json"
"jsesc","3.1.0","MIT","package-lock.json"
"json-buffer","3.0.1","MIT","package-lock.json"
"json-schema-traverse","0.4.1","MIT","package-lock.json"
"json-stable-stringify-without-jsonify","1.0.1","MIT","package-lock.json"
"json5","2.2.3","MIT","package-lock.json"
"jsx-ast-utils","3.3.5","MIT","package-lock.json"
"keyv","4.5.4","MIT","package-lock.json"
"kleur","3.0.3","MIT","package-lock.json"
"lan-network","0.2.1","MIT","package-lock.json"
"leven","3.1.0","MIT","package-lock.json"
"levn","0.4.1","MIT","package-lock.json"
"lighthouse-logger","1.4.2","Apache-2.0","package-lock.json"
"lighthouse-logger/node_modules/debug","2.6.9","MIT","package-lock.json"
"lighthouse-logger/node_modules/ms","2.0.0","MIT","package-lock.json"
"lightningcss","1.33.0","MPL-2.0","package-lock.json"
"lightningcss-android-arm64","1.33.0","MPL-2.0","package-lock.json"
"lightningcss-darwin-arm64","1.33.0","MPL-2.0","package-lock.json"
"lightningcss-darwin-x64","1.33.0","MPL-2.0","package-lock.json"
"lightningcss-freebsd-x64","1.33.0","MPL-2.0","package-lock.json"
"lightningcss-linux-arm-gnueabihf","1.33.0","MPL-2.0","package-lock.json"
"lightningcss-linux-arm64-gnu","1.33.0","MPL-2.0","package-lock.json"
"lightningcss-linux-arm64-musl","1.33.0","MPL-2.0","package-lock.json"
"lightningcss-linux-x64-gnu","1.33.0","MPL-2.0","package-lock.json"
"lightningcss-linux-x64-musl","1.33.0","MPL-2.0","package-lock.json"
"lightningcss-win32-arm64-msvc","1.33.0","MPL-2.0","package-lock.json"
"lightningcss-win32-x64-msvc","1.33.0","MPL-2.0","package-lock.json"
"locate-path","6.0.0","MIT","package-lock.json"
"lodash.debounce","4.0.8","MIT","package-lock.json"
"lodash.merge","4.6.2","MIT","package-lock.json"
"lodash.throttle","4.1.1","MIT","package-lock.json"
"log-symbols","2.2.0","MIT","package-lock.json"
"log-symbols/node_modules/ansi-styles","3.2.1","MIT","package-lock.json"
"log-symbols/node_modules/chalk","2.4.2","MIT","package-lock.json"
"log-symbols/node_modules/color-convert","1.9.3","MIT","package-lock.json"
"log-symbols/node_modules/color-name","1.1.3","MIT","package-lock.json"
"log-symbols/node_modules/escape-string-regexp","1.0.5","MIT","package-lock.json"
"log-symbols/node_modules/has-flag","3.0.0","MIT","package-lock.json"
"log-symbols/node_modules/supports-color","5.5.0","MIT","package-lock.json"
"loose-envify","1.4.0","MIT","package-lock.json"
"lru-cache","5.1.1","ISC","package-lock.json"
"makeerror","1.0.12","BSD-3-Clause","package-lock.json"
"marky","1.3.0","Apache-2.0","package-lock.json"
"math-intrinsics","1.1.0","MIT","package-lock.json"
"memoize-one","5.2.1","MIT","package-lock.json"
"merge-stream","2.0.0","MIT","package-lock.json"
"metro","0.84.5","MIT","package-lock.json"
"metro-babel-transformer","0.84.5","MIT","package-lock.json"
"metro-cache","0.84.5","MIT","package-lock.json"
"metro-cache-key","0.84.5","MIT","package-lock.json"
"metro-config","0.84.5","MIT","package-lock.json"
"metro-core","0.84.5","MIT","package-lock.json"
"metro-file-map","0.84.5","MIT","package-lock.json"
"metro-minify-terser","0.84.5","MIT","package-lock.json"
"metro-resolver","0.84.5","MIT","package-lock.json"
"metro-runtime","0.84.5","MIT","package-lock.json"
"metro-source-map","0.84.5","MIT","package-lock.json"
"metro-symbolicate","0.84.5","MIT","package-lock.json"
"metro-transform-plugins","0.84.5","MIT","package-lock.json"
"metro-transform-worker","0.84.5","MIT","package-lock.json"
"micromatch","4.0.8","MIT","package-lock.json"
"mime","1.6.0","MIT","package-lock.json"
"mime-db","1.54.0","MIT","package-lock.json"
"mime-types","3.0.2","MIT","package-lock.json"
"mimic-fn","1.2.0","MIT","package-lock.json"
"minimatch","10.2.6","BlueOak-1.0.0","package-lock.json"
"minimist","1.2.8","MIT","package-lock.json"
"minipass","7.1.3","BlueOak-1.0.0","package-lock.json"
"mkdirp","1.0.4","MIT","package-lock.json"
"ms","2.1.3","MIT","package-lock.json"
"multitars","1.0.2","MIT","package-lock.json"
"nanoid","3.3.19","MIT","package-lock.json"
"napi-postinstall","0.3.4","MIT","package-lock.json"
"natural-compare","1.4.0","MIT","package-lock.json"
"negotiator","1.1.0","MIT","package-lock.json"
"node-exports-info","1.6.2","MIT","package-lock.json"
"node-exports-info/node_modules/semver","6.3.1","ISC","package-lock.json"
"node-forge","1.4.0","(BSD-3-Clause OR GPL-2.0)","package-lock.json"
"node-int64","0.4.0","MIT","package-lock.json"
"node-releases","2.0.55","MIT","package-lock.json"
"npm-package-arg","11.0.3","ISC","package-lock.json"
"nullthrows","1.1.1","MIT","package-lock.json"
"ob1","0.84.5","MIT","package-lock.json"
"object-assign","4.1.1","MIT","package-lock.json"
"object-inspect","1.13.4","MIT","package-lock.json"
"object-keys","1.1.1","MIT","package-lock.json"
"object.assign","4.1.7","MIT","package-lock.json"
"object.entries","1.1.9","MIT","package-lock.json"
"object.fromentries","2.0.8","MIT","package-lock.json"
"object.groupby","1.0.3","MIT","package-lock.json"
"object.values","1.2.1","MIT","package-lock.json"
"on-finished","2.3.0","MIT","package-lock.json"
"on-headers","1.1.0","MIT","package-lock.json"
"onetime","2.0.1","MIT","package-lock.json"
"open","7.4.2","MIT","package-lock.json"
"optionator","0.9.4","MIT","package-lock.json"
"ora","3.4.0","MIT","package-lock.json"
"ora/node_modules/ansi-regex","4.1.1","MIT","package-lock.json"
"ora/node_modules/ansi-styles","3.2.1","MIT","package-lock.json"
"ora/node_modules/chalk","2.4.2","MIT","package-lock.json"
"ora/node_modules/color-convert","1.9.3","MIT","package-lock.json"
"ora/node_modules/color-name","1.1.3","MIT","package-lock.json"
"ora/node_modules/escape-string-regexp","1.0.5","MIT","package-lock.json"
"ora/node_modules/has-flag","3.0.0","MIT","package-lock.json"
"ora/node_modules/strip-ansi","5.2.0","MIT","package-lock.json"
"ora/node_modules/supports-color","5.5.0","MIT","package-lock.json"
"own-keys","1.0.2","MIT","package-lock.json"
"p-limit","3.1.0","MIT","package-lock.json"
"p-locate","5.0.0","MIT","package-lock.json"
"parent-module","1.0.1","MIT","package-lock.json"
"parse-png","2.1.0","MIT","package-lock.json"
"parseurl","1.3.3","MIT","package-lock.json"
"path-exists","4.0.0","MIT","package-lock.json"
"path-key","3.1.1","MIT","package-lock.json"
"path-parse","1.0.7","MIT","package-lock.json"
"path-scurry","2.0.2","BlueOak-1.0.0","package-lock.json"
"path-scurry/node_modules/lru-cache","11.5.2","BlueOak-1.0.0","package-lock.json"
"picocolors","1.1.1","ISC","package-lock.json"
"picomatch","2.3.2","MIT","package-lock.json"
"plist","3.1.1","MIT","package-lock.json"
"plist/node_modules/@xmldom/xmldom","0.9.12","MIT","package-lock.json"
"pngjs","3.4.0","MIT","package-lock.json"
"possible-typed-array-names","1.1.0","MIT","package-lock.json"
"postcss","8.5.28","MIT","package-lock.json"
"prelude-ls","1.2.1","MIT","package-lock.json"
"pretty-format","29.7.0","MIT","package-lock.json"
"pretty-format/node_modules/ansi-styles","5.2.0","MIT","package-lock.json"
"proc-log","4.2.0","ISC","package-lock.json"
"progress","2.0.3","MIT","package-lock.json"
"promise","8.3.0","MIT","package-lock.json"
"prompts","2.4.2","MIT","package-lock.json"
"prop-types","15.8.1","MIT","package-lock.json"
"prop-types/node_modules/react-is","16.13.1","MIT","package-lock.json"
"punycode","2.3.1","MIT","package-lock.json"
"range-parser","1.2.1","MIT","package-lock.json"
"react","19.2.3","MIT","package-lock.json"
"react-devtools-core","6.1.5","MIT","package-lock.json"
"react-is","18.3.1","MIT","package-lock.json"
"react-native","0.86.3","MIT","package-lock.json"
"react-native-safe-area-context","5.7.0","MIT","package-lock.json"
"react-native/node_modules/commander","12.1.0","MIT","package-lock.json"
"react-refresh","0.14.2","MIT","package-lock.json"
"reflect.getprototypeof","1.0.10","MIT","package-lock.json"
"regenerate","1.4.2","MIT","package-lock.json"
"regenerate-unicode-properties","10.2.2","MIT","package-lock.json"
"regenerator-runtime","0.13.11","MIT","package-lock.json"
"regexp.prototype.flags","1.5.4","MIT","package-lock.json"
"regexpu-core","6.4.0","MIT","package-lock.json"
"regjsgen","0.8.0","MIT","package-lock.json"
"regjsparser","0.13.2","BSD-2-Clause","package-lock.json"
"require-directory","2.1.1","MIT","package-lock.json"
"resolve","1.22.12","MIT","package-lock.json"
"resolve-from","5.0.0","MIT","package-lock.json"
"resolve-pkg-maps","1.0.0","MIT","package-lock.json"
"resolve-workspace-root","2.0.1","MIT","package-lock.json"
"restore-cursor","2.0.0","MIT","package-lock.json"
"safe-array-concat","1.1.4","MIT","package-lock.json"
"safe-buffer","5.2.1","MIT","package-lock.json"
"safe-push-apply","1.0.0","MIT","package-lock.json"
"safe-regex-test","1.1.0","MIT","package-lock.json"
"sandbox-cli-detector","0.2.0","MIT","package-lock.json"
"sax","1.6.1","BlueOak-1.0.0","package-lock.json"
"scheduler","0.27.0","MIT","package-lock.json"
"semver","7.8.5","ISC","package-lock.json"
"send","0.19.2","MIT","package-lock.json"
"send/node_modules/debug","2.6.9","MIT","package-lock.json"
"send/node_modules/debug/node_modules/ms","2.0.0","MIT","package-lock.json"
"send/node_modules/encodeurl","2.0.0","MIT","package-lock.json"
"send/node_modules/on-finished","2.4.1","MIT","package-lock.json"
"send/node_modules/statuses","2.0.2","MIT","package-lock.json"
"serialize-error","2.1.0","MIT","package-lock.json"
"serve-static","1.16.3","MIT","package-lock.json"
"serve-static/node_modules/encodeurl","2.0.0","MIT","package-lock.json"
"set-function-length","1.2.2","MIT","package-lock.json"
"set-function-name","2.0.2","MIT","package-lock.json"
"set-proto","1.0.0","MIT","package-lock.json"
"setprototypeof","1.2.0","ISC","package-lock.json"
"shebang-command","2.0.0","MIT","package-lock.json"
"shebang-regex","3.0.0","MIT","package-lock.json"
"shell-quote","1.10.0","MIT","package-lock.json"
"side-channel","1.1.1","MIT","package-lock.json"
"side-channel-list","1.0.1","MIT","package-lock.json"
"side-channel-map","1.0.1","MIT","package-lock.json"
"side-channel-weakmap","1.0.2","MIT","package-lock.json"
"signal-exit","3.0.7","ISC","package-lock.json"
"simple-plist","1.3.1","MIT","package-lock.json"
"sisteransi","1.0.5","MIT","package-lock.json"
"slugify","1.6.9","MIT","package-lock.json"
"source-map","0.5.7","BSD-3-Clause","package-lock.json"
"source-map-js","1.2.1","BSD-3-Clause","package-lock.json"
"source-map-support","0.5.21","MIT","package-lock.json"
"source-map-support/node_modules/source-map","0.6.1","BSD-3-Clause","package-lock.json"
"stable-hash","0.0.5","MIT","package-lock.json"
"stackframe","1.3.4","MIT","package-lock.json"
"stacktrace-parser","0.1.11","MIT","package-lock.json"
"statuses","1.5.0","MIT","package-lock.json"
"stop-iteration-iterator","1.1.0","MIT","package-lock.json"
"stream-buffers","2.2.0","Unlicense","package-lock.json"
"string-width","4.2.3","MIT","package-lock.json"
"string.prototype.matchall","4.1.0","MIT","package-lock.json"
"string.prototype.repeat","1.0.0","MIT","package-lock.json"
"string.prototype.trim","1.2.11","MIT","package-lock.json"
"string.prototype.trimend","1.0.10","MIT","package-lock.json"
"string.prototype.trimstart","1.0.8","MIT","package-lock.json"
"strip-ansi","6.0.1","MIT","package-lock.json"
"strip-bom","3.0.0","MIT","package-lock.json"
"strip-json-comments","3.1.1","MIT","package-lock.json"
"structured-headers","0.4.1","MIT","package-lock.json"
"supports-color","7.2.0","MIT","package-lock.json"
"supports-hyperlinks","2.3.0","MIT","package-lock.json"
"supports-preserve-symlinks-flag","1.0.0","MIT","package-lock.json"
"terminal-link","2.1.1","MIT","package-lock.json"
"terser","5.51.2","BSD-2-Clause","package-lock.json"
"terser/node_modules/commander","2.20.3","MIT","package-lock.json"
"throat","5.0.0","MIT","package-lock.json"
"tinyglobby","0.2.17","MIT","package-lock.json"
"tinyglobby/node_modules/fdir","6.5.0","MIT","package-lock.json"
"tinyglobby/node_modules/picomatch","4.0.7","MIT","package-lock.json"
"tmpl","1.0.5","BSD-3-Clause","package-lock.json"
"to-regex-range","5.0.1","MIT","package-lock.json"
"toidentifier","1.0.1","MIT","package-lock.json"
"toqr","0.1.1","MIT","package-lock.json"
"ts-api-utils","2.5.0","MIT","package-lock.json"
"tsconfig-paths","3.15.0","MIT","package-lock.json"
"tsconfig-paths/node_modules/json5","1.0.2","MIT","package-lock.json"
"tslib","2.8.1","0BSD","package-lock.json"
"type-check","0.4.0","MIT","package-lock.json"
"type-fest","0.7.1","(MIT OR CC0-1.0)","package-lock.json"
"typed-array-buffer","1.0.3","MIT","package-lock.json"
"typed-array-byte-length","1.0.3","MIT","package-lock.json"
"typed-array-byte-offset","1.0.4","MIT","package-lock.json"
"typed-array-length","1.0.8","MIT","package-lock.json"
"typescript","6.0.3","Apache-2.0","package-lock.json"
"unbox-primitive","1.1.0","MIT","package-lock.json"
"undici-types","6.21.0","MIT","package-lock.json"
"unicode-canonical-property-names-ecmascript","2.0.1","MIT","package-lock.json"
"unicode-match-property-ecmascript","2.0.0","MIT","package-lock.json"
"unicode-match-property-value-ecmascript","2.2.1","MIT","package-lock.json"
"unicode-property-aliases-ecmascript","2.2.0","MIT","package-lock.json"
"unpipe","1.0.0","MIT","package-lock.json"
"unrs-resolver","1.12.2","MIT","package-lock.json"
"update-browserslist-db","1.3.3","MIT","package-lock.json"
"uri-js","4.4.1","BSD-2-Clause","package-lock.json"
"utils-merge","1.0.1","MIT","package-lock.json"
"uuid","7.0.3","MIT","package-lock.json"
"validate-npm-package-name","5.0.1","ISC","package-lock.json"
"vary","1.1.2","MIT","package-lock.json"
"vlq","1.0.1","MIT","package-lock.json"
"walker","1.0.8","Apache-2.0","package-lock.json"
"wcwidth","1.0.1","MIT","package-lock.json"
"whatwg-fetch","3.6.20","MIT","package-lock.json"
"whatwg-url-minimum","0.1.2","MIT","package-lock.json"
"which","2.0.2","ISC","package-lock.json"
"which-boxed-primitive","1.1.1","MIT","package-lock.json"
"which-builtin-type","1.2.1","MIT","package-lock.json"
"which-collection","1.0.2","MIT","package-lock.json"
"which-typed-array","1.1.22","MIT","package-lock.json"
"word-wrap","1.2.5","MIT","package-lock.json"
"wrap-ansi","7.0.0","MIT","package-lock.json"
"ws","7.5.13","MIT","package-lock.json"
"xcode","3.0.1","Apache-2.0","package-lock.json"
"xml2js","0.6.0","MIT","package-lock.json"
"xml2js/node_modules/xmlbuilder","11.0.1","MIT","package-lock.json"
"xmlbuilder","15.1.1","MIT","package-lock.json"
"y18n","5.0.8","ISC","package-lock.json"
"yallist","3.1.1","ISC","package-lock.json"
"yaml","2.9.1","ISC","package-lock.json"
"yargs","17.7.3","MIT","package-lock.json"
"yargs-parser","21.1.1","ISC","package-lock.json"
"yocto-queue","0.1.0","MIT","package-lock.json"
"zod","3.25.76","MIT","package-lock.json"
"zod-validation-error","4.0.2","MIT","package-lock.json"
